"Weather_Variable","Partial_Correlation"
"mean_temp",-0.0271549294549633
"sunshine",-0.0308639189577086
"precipitation",0.017858133409536
"pressure",-0.0196784364126703
